{"cameraMode":{"drawMode":2,"name":"Shaded Wireframe","section":"Shading Mode"},"sceneLighting":true,"audioPlay":false,"sceneViewState":{"showFog":true,"showMaterialUpdate":true,"showSkybox":true,"showFlares":true,"showImageEffects":true,"showParticleSystems":true},"in2DMode":false,"pivot":{"x":21.264453887939454,"y":-2.8684639930725099,"z":64.05581665039063},"rotation":{"x":0.008586459793150425,"y":-0.703361451625824,"z":0.7110128402709961,"w":0.008447232656180859},"size":5.226832866668701,"orthographic":false}