{"cameraMode":{"drawMode":0,"name":"Shaded","section":"Shading Mode"},"sceneLighting":false,"audioPlay":false,"sceneViewState":{"showFog":true,"showMaterialUpdate":true,"showSkybox":false,"showFlares":true,"showImageEffects":true,"showParticleSystems":true},"in2DMode":false,"pivot":{"x":-0.22790762782096864,"y":1.2330867052078248,"z":0.4084646701812744},"rotation":{"x":0.0870717242360115,"y":-0.053773388266563418,"z":0.004709173925220966,"w":0.9947445392608643},"size":0.8993799090385437,"orthographic":false}